guid,name,title,created_time,last_deployed_time,app_mode,app_role,owner_username,a_nona_account,department,new_connect,old_connect,name_words,contains_test,similarity_score,matched_old_name,matched_new_name,migration,contains_test_app_inold,contains_test_app_innew
73abc831-95e5-402e-a0db-daf927c51ac4,wto,WTO,2025-10-22T13:17:21Z,2025-10-22T13:17:23Z,shiny,viewer,aadam.akbar@defra.gov.uk,FALSE,Defra,new_server,NA,NA,FALSE,1,wto,wto,migrated,FALSE,FALSE
1570fcdc-44fc-4a7d-8a27-b7ece749782e,employment_app,Employment_App,2025-10-22T13:03:14Z,2025-10-22T13:04:28Z,shiny,viewer,aadam.akbar@defra.gov.uk,FALSE,Defra,new_server,NA,NA,FALSE,1,employment_app,employment_app,migrated,FALSE,FALSE
3869e823-a0b6-4d91-ad3a-69cf60ba0c4e,supply_chain,Supply_Chain,2025-10-22T12:36:16Z,2025-10-22T12:36:19Z,shiny,viewer,aadam.akbar@defra.gov.uk,FALSE,Defra,new_server,NA,NA,FALSE,1,supply_chain,supply_chain,migrated,FALSE,FALSE
2e9e44d4-2b91-4efd-bd6b-5254a84c76e8,wto,WTO,2025-09-17T14:59:38Z,2025-09-17T14:59:41Z,shiny,viewer,aadam.akbar@defra.gov.uk,FALSE,Defra,NA,old_server,NA,FALSE,NA,NA,NA,NA,NA,NA
5c93369f-ce87-415e-8ab3-b8ba0c39f852,supply_chain,Supply_Chain,2025-05-30T09:52:03Z,2025-07-02T10:58:49Z,shiny,viewer,aadam.akbar@defra.gov.uk,FALSE,Defra,NA,old_server,NA,FALSE,NA,NA,NA,NA,NA,NA
f5ac9884-2fa4-447a-acb7-68e1f3f82400,employment_app,Employment_App,2024-09-16T09:38:49Z,2025-04-29T14:20:41Z,shiny,viewer,aadam.akbar@defra.gov.uk,FALSE,Defra,NA,old_server,NA,FALSE,NA,NA,NA,NA,NA,NA
c61bb07e-ecd8-40b9-a9a9-eead753a8d5b,employment_app2,Employment_App,2025-02-11T15:56:53Z,2025-04-29T14:19:31Z,shiny,viewer,aadam.akbar@defra.gov.uk,FALSE,Defra,NA,old_server,NA,FALSE,NA,NA,NA,NA,NA,NA
891d93c1-1869-4d50-9593-191e6b01af1f,businessmaps,BusinessMaps,2024-12-10T14:43:27Z,2024-12-16T16:16:26Z,shiny,viewer,aadam.akbar@defra.gov.uk,FALSE,Defra,NA,old_server,NA,FALSE,NA,NA,NA,NA,NA,NA
905d529d-77d3-41bb-b471-17c5bf1af70f,hs_app,HS_app,2024-10-08T13:46:02Z,2024-10-17T14:05:31Z,shiny,none,aadam.akbar@defra.gov.uk,FALSE,Defra,NA,old_server,NA,FALSE,NA,NA,NA,NA,NA,NA
